{
  "run_name": "yolo_project_run",
  "timestamp": "2026-04-07 14:05:14",
  "best_epoch": 68,
  "best_weights": "/content/EE3703 RPC/runs/yolo/yolo_project_run/weights/best.pt",
  "device": "0",
  "model_weights": "yolo26s.pt",
  "epochs_configured": 100,
  "batch_size": 16,
  "image_size": 640,
  "train_images": 384,
  "val_images": 66,
  "test_images": 50,
  "train_original_self_images": 85,
  "val_original_self_images": 0,
  "test_original_self_images": 50,
  "report_score_threshold": 0.2,
  "map50": 0.9905752415907791,
  "map50_95": 0.7497529393715875,
  "precision": 0.9097744360902256,
  "recall": 0.983739837398374,
  "f1": 0.9453125000000001,
  "ap50_by_class": {
    "Bottled Drink": 0.9986772500964065,
    "Canned Goods": 1.0,
    "Fresh Produce": 0.9636237162667101,
    "Packaged Food": 1.0
  },
  "benchmark": {
    "images": 50,
    "mean_ms": 23.615163339986793,
    "std_ms": 3.5304810721629605,
    "min_ms": 19.35615900015364,
    "max_ms": 32.29721200000313,
    "fps": 42.34567365057062
  },
  "failure_counts": {
    "false_positive": 12,
    "false_negative": 2,
    "wrong_class": 1
  },
  "failure_images": 11,
  "showcase_images": 8
}